name,mass,x,y,z,vx,vy,vz
Sun,1.00000597682,0.0,0.0,0.0,0.0,0.0,0.0
Jupiter,0.000954786104043,-3.5023653,-3.8169847,-1.5507963,0.00565429,-0.00412490,-0.00190589  
Saturn, 0.000285583733151,9.0755314,-3.0458353,-1.6483708, 0.00168318,0.00483525,0.00192462
Uranus, 0.0000437273164546,8.3101420,-16.2901086,-7.2521278,0.00354178,0.00137102,0.00055029
Neptune,0.0000517759138449, 11.4707666,-25.7294829,-10.8169456,0.00288930,0.00114527,0.00039677
Pluto,0.769230769E-8,-15.5387357,-25.2225594,-3.1902382,0.00276725,-0.00170702,-0.00136504